,도로노선명,위도,경도,소재지도로명주소,설치장소,제한속도
0,경부고속도로,35.557935,129.125804,울산광역시 울주군 삼남면 교동리 221-1,"경부고속도로 39.1KM(울산 울주군 삼남면 교동리 221-1, 서울→부산)",100
1,경부고속도로,35.416044,129.063817,경상남도 양산시 상북면 석계리 61-72,"경부고속도로 22.2KM 지점(경남 양산시 상북면 석계리 61-72, 서울→부산)",100
2,경부고속도로,35.327421,129.046001,경상남도 양산시 동면 석산리 94-3,"경부고속도로 12KM 지점(양산시 동면 석산리 94-3, 부산→서울)",100
3,남해고속도로,35.266681,128.7505555,경상남도 김해시 진례면 청천리 381,"남해고속도로 138.9KM 지점(김해시 진례면 청천리 381, 창원→부산)",100
4,동해고속도로,35.41608558,129.2636616,울산광역시 울주군 온양읍 운화리 산 159-105,"동해고속도로(부산-포항) 30K 온양IC 1차로(울주군 온양읍 운화리 산159-105, 부산→울산)",100
5,동해고속도로,35.41608558,129.2636616,울산광역시 울주군 온양읍 운화리 산 159-105,"동해고속도로(부산-포항) 30K 온양IC 2차로(울주군 온양읍 운화리 산159-105, 부산→울산)",100
6,동해고속도로,35.41608558,129.2636616,울산광역시 울주군 온양읍 운화리 산 159-105,"동해고속도로(부산-포항) 30K 온양IC 3차로(울주군 온양읍 운화리 산159-105, 부산→울산)",100
7,동해고속도로,35.472946,129.283461,울산광역시 울주군 청량면 동천리 산 49-2,"동해고속도로(부산-포항) 36.8K 청량IC 1차로(울주군 청량면 동천리 산49-2, 부산→울산)",100
8,동해고속도로,35.472946,129.283461,울산광역시 울주군 청량면 동천리 산 49-2,"동해고속도로(부산-포항) 36.8K 청량IC 2차로(울주군 청량면 동천리 산49-2, 부산→울산)",100
9,동해고속도로,35.472946,129.283461,울산광역시 울주군 청량면 동천리 산 49-2,"동해고속도로(부산-포항) 36.8K 청량IC 3차로(울주군 청량면 동천리 산49-2, 부산→울산)",100
10,남해고속도로,35.21982112,128.8051042,경상남도 김해시 유하동 557,"남해고속도로 147.6KM 냉정분기점 150m 후방(김해시 유하동 557, 진례→서김해)",100
11,중앙고속도로,35.241008,128.9419694,경상남도 김해시 대동면 주중리 422,"중앙고속도로지선 3.2KM(김해 대동면 주중리 422, 대동JC → 김해)",100
12,경부고속도로,35.60808034,129.1457377,울산광역시 울주군 언양읍 반곡리 산 67-2,"경부고속도로 44.8K 언양휴게소 1차로(울주군 언양읍 반곡리 산67-2, 부산→서울)",100
13,경부고속도로,35.60808034,129.1457377,울산광역시 울주군 언양읍 반곡리 산 67-2,"경부고속도로 44.8K 언양휴게소 2차로(울주군 언양읍 반곡리 산67-2, 부산→서울)",100
14,경부고속도로,35.60808034,129.1457377,울산광역시 울주군 언양읍 반곡리 산 67-2,"경부고속도로 44.8K 언양휴게소 3차로(울주군 언양읍 반곡리 산67-2, 부산→서울)",100
15,경부고속도로,35.70538882,129.188473,울산광역시 울주군 두서면 활천리 512-1,"경부고속도로 56.5K 활천IC 1차로(울주군 두서면 활천리 512-1, 부산→서울)",100
16,경부고속도로,35.70538882,129.188473,울산광역시 울주군 두서면 활천리 512-1,"경부고속도로 56.5K 활천IC 2차로(울주군 두서면 활천리 512-1, 부산→서울)",100
17,경부고속도로,35.70538882,129.188473,울산광역시 울주군 두서면 활천리 512-1,"경부고속도로 56.5K 활천IC 3차로(울주군 두서면 활천리 512-1, 부산→서울)",100
18,동해고속도로,35.735728,129.323102,경상북도 경주시 외동읍 개곡리 1690-1,"동해고속도로(부산-포항)70.7K 양북1터널 입구 1차로(경주시 외동읍 개곡리 1690-1, 부산→포항)",100
19,동해고속도로,35.735728,129.323102,경상북도 경주시 외동읍 개곡리 1690-1,"동해고속도로(부산-포항)70.7K 양북1터널 입구 2차로(경주시 외동읍 개곡리 1690-1, 부산→포항)",100
20,동해고속도로,35.7763155,129.4199951,경상북도 경주시 양북면 어일리 산 167-1,"동해고속도로(부산-포항)80.8K 양북1터널 출구 1차로(경주시 양북면 어일리 산167-1, 부산→포항)",100
21,동해고속도로,35.7763155,129.4199951,경상북도 경주시 양북면 어일리 산 167-1,"동해고속도로(부산-포항)80.8K 양북1터널 출구 2차로(경주시 양북면 어일리 산167-1, 부산→포항)",100
22,동해고속도로,35.77755348,129.4209901,경상북도 경주시 양북면 어일리 산 155-1,"동해고속도로(부산-포항)80.8K 양북1터널 입구 1차로(경주시 양북면 어일리 산155-1, 포항→부산)",100
23,동해고속도로,35.77755348,129.4209901,경상북도 경주시 양북면 어일리 산 155-1,"동해고속도로(부산-포항)80.8K 양북1터널 입구 2차로(경주시 양북면 어일리 산155-1, 포항→부산)",100
24,동해고속도로,35.735944,129.3232714,경상북도 경주시 외동읍 개곡리 1910-1,"동해고속도로(부산-포항)70.7K 양북1터널 출구 1차로(경주시 외동읍 개곡리 1910-1, 포항→부산)",100
25,동해고속도로,35.735944,129.3232714,경상북도 경주시 외동읍 개곡리 1910-1,"동해고속도로(부산-포항)70.7K 양북1터널 출구 2차로(경주시 외동읍 개곡리 1910-1, 포항→부산)",100
26,남해고속도로,35.223292,128.7742895,경상남도 김해시 진례면 산본리 512-3,"남해고속도로제3지선 14.8km(김해시 진례면 산본리 512-3, 부산신항→진례)",100
27,남해고속도로,35.175258,128.784675,경상남도 김해시 관동동 800-2,"남해고속도로제3지선 9.2km(김해시 관동동 800-2, 진례→부산신항)",100
28,중앙고속도로,35.27751427,128.9851492,경상남도 김해시 대동면 덕산리 422-20,중앙고속도로 9.9km 대동분기점(김해 대동면 덕산리 422-20),80
29,중앙고속도로,35.27894993,128.9846059,경상남도 김해시 대동면 덕산리 1118-7,중앙고속도로지선 대동분기점 대동TG방향 진출램프(김해 대동면 덕산리 1118-7),60
30,부산외곽순환고속도로,35.27137124,129.0033501,경상남도 김해시 대동면 월촌리 754,"부산외곽순환고속도로 28.1km 김해가야IC 1차로(김해 대동면 월촌리 754, 김해→기장)",100
31,부산외곽순환고속도로,35.27137124,129.0033501,경상남도 김해시 대동면 월촌리 754,"부산외곽순환고속도로 28.1km 김해가야IC 2차로(김해 대동면 월촌리 754, 김해→기장)",100
32,부산외곽순환고속도로,35.27137124,129.0033501,경상남도 김해시 대동면 월촌리 754,"부산외곽순환고속도로 28.1km 김해가야IC 3차로(김해 대동면 월촌리 754, 김해→기장)",100
33,부산외곽순환고속도로,35.288651,129.0989731,부산광역시 금정구 노포동 221,"부산외곽순환고속도로 37.7km 노포분기점 1차로(금정구 노포동 221, 김해→기장)",100
34,부산외곽순환고속도로,35.288651,129.0989731,부산광역시 금정구 노포동 221,"부산외곽순환고속도로 37.7km 노포분기점 2차로(금정구 노포동 221, 김해→기장)",100
35,부산외곽순환고속도로,35.288651,129.0989731,부산광역시 금정구 노포동 221,"부산외곽순환고속도로 37.7km 노포분기점 3차로(금정구 노포동 221, 김해→기장)",100
36,부산외곽순환고속도로,35.292081,129.0932944,부산광역시 금정구 노포동 549,"부산외곽순환고속도로 37km 금정산터널 300m전 1차로(금정구 노포동 549, 기장→김해)",100
37,부산외곽순환고속도로,35.292081,129.0932944,부산광역시 금정구 노포동 549,"부산외곽순환고속도로 37km 금정산터널 300m전 2차로(금정구 노포동 549, 기장→김해)",100
38,부산외곽순환고속도로,35.27137124,129.003373,경상남도 김해시 대동면 월촌리 754,"부산외곽순환고속도로 28.1km 김해가야IC 1차로(김해 대동면 월촌리 754, 기장→김해)",100
39,부산외곽순환고속도로,35.27137124,129.003373,경상남도 김해시 대동면 월촌리 754,"부산외곽순환고속도로 28.1km 김해가야IC 2차로(김해 대동면 월촌리 754, 기장→김해)",100
40,부산외곽순환고속도로,35.27137124,129.003373,경상남도 김해시 대동면 월촌리 754,"부산외곽순환고속도로 28.1km 김해가야IC 3차로(김해 대동면 월촌리 754, 기장→김해)",100
41,부산외곽순환고속도로,35.281353,129.225613,부산광역시 기장군 일광면 화전리 552-15,"부산외곽순환고속도로 기장분기점 4교 진출램프(기장군 일광면 화전리 552-15, 금정→울산)",60
42,중앙고속도로지선,35.33405926,129.0396335,경상남도 양산시 다방동 420,"중앙고속도로지선 17.4KM 양산분기점(양산 다방동 420, 남양산→서울)",60
43,중앙고속도로,35.32526486,128.9374165,경상남도 김해시 상동면 대감리 산83-1,"중앙고속도로(대구-부산) 17.2K 상동2터널 500M전 1,2차로(김해시 상동면,부산→대구)",110
44,중앙고속도로,35.394055,128.832849,경상남도 밀양시 삼랑진읍 송지리 산86-10,"중앙고속도로(대구-부산) 31K 삼랑진IC 500M전 1,2차로(밀양시 삼랑진읍,부산→대구)",110
45,중앙고속도로,35.39729973,128.8271475,경상남도 밀양시 삼랑진읍 송지리 598,"중앙고속도로 (대구-부산) 31.6K 삼랑진IC 1,2차로(밀양시 삼랑진읍,대구→부산)",110
46,중앙고속도로,35.32103582,128.9402046,경상남도 김해시 상동면 대감리 산93-7,"중앙고속도로(대구-부산) 16.6K 상동IC 1,2차로(김해시 상동면,대구→부산)",110
47,중앙고속도로,35.52078019,128.7957352,경상남도 밀양시 산외면 남기리 144-1,"중앙고속도로(대구-부산) 48K 밀양분기점(산외면 남기리 144-1,부산→대구)",110
48,중앙고속도로,35.51162581,128.7966653,경상남도 밀양시 산외면 남기리 616-2,"중앙고속도로(대구-부산) 47K 밀양분기점 600m 후방(산외면 남기리 616-2,대구→부산)",110
49,밀양울산고속도로,35.51245581,128.8029069,경상남도 밀양시 산외면 남기리 538,"밀양울산고속도로 100.8K 산외2터널입구 100m전 시점 1,2차로(밀양→울산, 밀양시 산외면 남기리 538)",100
50,밀양울산고속도로,35.52708263,129.007205,경상남도 양산시 원동면 선리 42,"밀양울산고속도로 120.7K 배내골IC 종점 1,2차로(밀양→울산, 양산시 원동면 선리 42)",100
51,밀양울산고속도로,35.52772184,129.0084715,경상남도 양산시 원동면 선리 46-2,"밀양울산고속도로 120.8K 배내골IC 시점 1,2차로(밀양→울산, 양산시 원동면 선리 46-2)",100
52,밀양울산고속도로,35.52772184,129.0084715,경상남도 양산시 원동면 선리 46-2,"밀양울산고속도로 120.8K 배내골IC 시점 3차로(밀양→울산, 양산시 원동면 선리 46-2)",100
53,밀양울산고속도로,35.519776,129.091473,울산광역시 울주군 삼남읍 가천리 산228-2,"밀양울산고속도로 128.8K 서울주JC 1km전 종점 1,2차로(밀양→울산, 울주군 삼남읍 가천리 산228-2)",100
54,밀양울산고속도로,35.519776,129.091473,울산광역시 울주군 삼남늡 가천리 715-13,"밀양울산고속도로 128.8K 삼남교 시점 1,2차로(울산→밀양, 울주군 삼남읍 가천리 715-13)",100
55,밀양울산고속도로,35.52820109,129.0085752,경상남도 양산시 원동면 선리 산34-3,"밀양울산고속도로 120.8K 배내골IC 종점 1,2차로(울산→밀양, 양산시 원동면 선리 산34-3)",100
56,밀양울산고속도로,35.52820109,129.0085752,경상남도 양산시 원동면 선리 산34-3,"밀양울산고속도로 120.8K 배내골IC 종점 3차로(울산→밀양, 양산시 원동면 선리 산34-3)",100
57,밀양울산고속도로,35.5275273,129.0070342,경상남도 양산시 원동면 선리 산33,"밀양울산고속도로 120.7K 배내골IC 시점 1,2차로(울산→밀양, 양산시 원동면 선리 산33)",100
58,밀양울산고속도로,35.51274115,128.8031547,경상남도 밀양시 산외면 남기리 541-2,"밀양울산고속도로 100.8K 산외2터널출구 100m후 종점 1,2차로(울산→밀양, 밀양시 산외면 남기리 541-2)",100
59,남해고속도로제2지선,35.218616,128.796045,경상남도 김해시 장유면 부곡리 185,남해제2지선고속도로 0.4km 냉정분기점(김해 장유면 부곡리 185),80
60,경부고속도로,35.35442844,129.0456076,경상남도 양산시 신기동 146,경부고속도로 15.1K 양산분기점 2KM전(양산시 신기동 146),100
61,인천국제공항고속도로,37.49462735,126.4955678,인천광역시 중구 운서동 공항고속도로 2.85km (공항입구JC → 공항신도시JC),인천 중구 운서동 공항고속도로 2.85km (공항입구JC → 공항신도시JC),100
62,외곽순환고속도로,37.59639765,126.7731695,인천광역시 서구 보듬로 서진이엔지 앞 (지식산업단지 → 폐수종말처리장),"경기도 김포시 고촌읍 수도권 제1순환고속도로 75.5km 1,3차로 (자유로JC → 김포TG)",100
63,영동고속도로,37.34795399,126.8000354,인천광역시 남동구 서창방산로 임마누엘경인교회 앞 (장곡4 → 장아산공원3),경기도 안산시 단원구 선부동 영동고속도로 서안산IC 출구 (램프구간 → 서안산TG),50
64,제2서해안고속도로,37.27089198,126.7458422,인천광역시 중구 중산동 공항고속도로 8.5km 종점 1차로 (청라IC → 금산IC),경기도 화성시 남양읍 제2서해안 평택-시흥 고속도로 29.9km 지점 (평택 → 시흥),100
65,제2서해안고속도로,37.24420172,126.7566415,인천광역시 중구 중산동 공항고속도로 8.5km 종점 2차로 (청라IC → 금산IC),경기도 화성시 송산면 제2서해안 평택-시흥 고속도로 26.2km 지점 (시흥 → 평택),100
66,인천국제공항고속도로,37.55642339,126.6229163,인천광역시 중구 중산동 공항고속도로 9.6km 시점 2차로 (금산IC → 청라IC),인천 서구 경서동 공항고속도로 16.3km 시점 1차로 (청라IC → 금산IC),100
67,인천국제공항고속도로,37.55645265,126.6220977,인천광역시 중구 중산동 공항고속도로 9.6km 시점 3차로 (금산IC → 청라IC),인천 서구 경서동 공항고속도로 16.3km 시점 2차로 (청라IC → 금산IC),100
68,인천국제공항고속도로,37.55648412,126.6228877,인천광역시 중구 중산동 공항고속도로 9.6km 시점 4차로 (금산IC → 청라IC),인천 서구 경서동 공항고속도로 16.3km 시점 3차로 (청라IC → 금산IC),100
69,인천국제공항고속도로,37.55651562,126.6228791,인천광역시 서구 경서동 공항고속도로 17.9km 종점 1차로 (금산IC → 청라IC),인천 서구 경서동 공항고속도로 16.3km 시점 4차로 (청라IC → 금산IC),100
70,인천국제공항고속도로,37.52427112,126.5454289,인천광역시 서구 경서동 공항고속도로 17.9km 종점 2차로 (금산IC → 청라IC),인천 중구 중산동 공항고속도로 8.5km 종점 1차로 (청라IC → 금산IC),100
71,인천국제공항고속도로,37.52429354,126.5454033,인천광역시 서구 경서동 공항고속도로 17.9km 종점 3차로 (금산IC → 청라IC),인천 중구 중산동 공항고속도로 8.5km 종점 2차로 (청라IC → 금산IC),100
72,인천국제공항고속도로,37.52431371,126.5453749,인천광역시 서구 경서동 공항고속도로 17.9km 종점 4차로 (금산IC → 청라IC),인천 중구 중산동 공항고속도로 8.5km 종점 3차로 (청라IC → 금산IC),100
73,인천국제공항고속도로,37.52433838,126.5453464,인천광역시 서구 고산후로 불로중학교 앞 (고산후4 → 목향초교),인천 중구 중산동 공항고속도로 8.5km 종점 4차로 (청라IC → 금산IC),100
74,인천국제공항고속도로,37.53170822,126.5553245,인천광역시 서구 서곶로 검암4 (시천교 → 검바위역),인천 중구 중산동 공항고속도로 9.6km 시점 1차로 (금산IC → 청라IC),100
75,인천국제공항고속도로,37.53168352,126.5553484,인천광역시 서구 원당대로 구간 (롯데마트 → 안동포4),인천 중구 중산동 공항고속도로 9.6km 시점 2차로 (금산IC → 청라IC),100
76,인천국제공항고속도로,37.53165437,126.5553825,인천광역시 미추홀구 경인로 농협은행 건너편 (주안4 → 옛시민회관4),인천 중구 중산동 공항고속도로 9.6km 시점 3차로 (금산IC → 청라IC),100
77,인천국제공항고속도로,37.53163872,126.5554137,인천광역시 서구 경명대로 (계산초교4 → 공촌3),인천 중구 중산동 공항고속도로 9.6km 시점 4차로 (금산IC → 청라IC),100
78,인천국제공항고속도로,37.56243774,126.6395749,인천광역시 남동구 소래역로 논현초교4 (논현1주민센터4 → 논현신영4),인천 서구 경서동 공항고속도로 17.9km 종점 1차로 (금산IC → 청라IC),100
79,인천국제공항고속도로,37.56241304,126.6396005,인천광역시 계양구 벌말로 계양초교 상야분교 건너편 (수송도로3 → 박촌교3),인천 서구 경서동 공항고속도로 17.9km 종점 2차로 (금산IC → 청라IC),100
80,인천국제공항고속도로,37.56238609,126.6396289,인천광역시 연수구 송도지식대로 글로벌캠퍼스3 (송도4교 → 인천신항),인천 서구 경서동 공항고속도로 17.9km 종점 3차로 (금산IC → 청라IC),100
81,인천국제공항고속도로,37.56235689,126.6396545,인천광역시 중구 공항대로 4.9km (공항신도시JC → 신불IC),인천 서구 경서동 공항고속도로 17.9km 종점 4차로 (금산IC → 청라IC),100
82,수도권제2순환고속도로,37.46123221,126.6320247,인천광역시 중구 하늘대로 하늘도시푸르지오아파트 부근 (하늘초등학교 → 영종중학교),인천 중구 신흥동 수도권제2순환고속도로 3km 시점 1차로 (남항교차로 → 남청라IC),100
83,수도권제2순환고속도로,37.46123221,126.6320247,인천광역시 중구 하늘대로 하늘도시푸르지오아파트 부근 (영종중학교 → 하늘초등학교),인천 중구 신흥동 수도권제2순환고속도로 3km 시점 2차로 (남항교차로 → 남청라IC),100
84,수도권제2순환고속도로,37.46123221,126.6320247,인천광역시 인천대교고속도로 15.3km 시점 1차로 (연수JC → 인천대교TG),인천 중구 신흥동 수도권제2순환고속도로 3km 시점 3차로 (남항교차로 → 남청라IC),100
85,수도권제2순환고속도로,37.51229393,126.6268766,인천광역시 인천대교고속도로 15.3km 시점 2차로 (연수JC → 인천대교TG),인천 서구 원창동 수도권제2순환고속도로 8.7km 종점 1차로 (남항교차로 → 남청라IC),100
86,수도권제2순환고속도로,37.51229855,126.6269134,인천광역시 인천대교고속도로 15.3km 시점 3차로 (연수JC → 인천대교TG),인천 서구 원창동 수도권제2순환고속도로 8.7km 종점 2차로 (남항교차로 → 남청라IC),100
87,수도권제2순환고속도로,37.51230995,126.6269557,인천광역시 인천대교고속도로 4.0km 종점 1차로 (연수JC → 인천대교TG),인천 서구 원창동 수도권제2순환고속도로 8.7km 종점 3차로 (남항교차로 → 남청라IC),100
88,인천대교고속도로,37.40480153,126.5940688,인천광역시 인천대교고속도로 15.3km 종점 2차로 (인천대교TG → 연수JC),인천 인천대교고속도로 15.3km 시점 1차로 (연수JC → 인천대교TG),100
89,인천대교고속도로,37.40480153,126.5940688,인천광역시 인천대교고속도로 15.3km 종점 3차로 (인천대교TG → 연수JC),인천 인천대교고속도로 15.3km 시점 2차로 (연수JC → 인천대교TG),100
90,인천대교고속도로,37.40473392,126.5940607,인천광역시 남동구 운연천로 운연역 앞 (서창2지구 → 운연4),인천 인천대교고속도로 15.3km 시점 3차로 (연수JC → 인천대교TG),100
91,인천대교고속도로,37.45997788,126.5208758,인천광역시 강화군 하점면 강화대로 부근3 (강화산단 → 강화군청),인천 인천대교고속도로 4.0km 종점 1차로 (연수JC → 인천대교TG),100
92,인천대교고속도로,37.45999383,126.5209209,인천광역시 중구 제물량로 신흥초교 앞 (신흥4 → 답동4),인천 인천대교고속도로 4.0km 종점 2차로 (연수JC → 인천대교TG),100
93,인천대교고속도로,37.46001199,126.5209547,인천광역시 서구 고산후로 발산초교 앞 (원당입구3 → 원당4),인천 인천대교고속도로 4.0km 종점 3차로 (연수JC → 인천대교TG),100
94,인천대교고속도로,37.45994614,126.5208252,인천광역시 남동구 구월로 간석현대홈타운아파트 건너편 (석바위시장역 → 인천시청역),인천 인천대교고속도로 4.0km 시점 1차로 (인천대교TG → 연수JC),100
95,인천대교고속도로,37.45992342,126.5207773,인천광역시 부평구 굴포로 갈삼4 (삼산경찰서 → 갈산초교),인천 인천대교고속도로 4.0km 시점 2차로 (인천대교TG → 연수JC),100
96,인천대교고속도로,37.45990753,126.5207463,인천광역시 계양구 봉오대로 효성서초교 건너편 (아나지3 → 임촌말3),인천 인천대교고속도로 4.0km 시점 3차로 (인천대교TG → 연수JC),100
97,인천대교고속도로,37.4048556,126.5940713,인천광역시 미추홀구 독배로 OCI부근 (옥골4 → 교통방송4),인천 인천대교고속도로 15.3km 종점 1차로 (인천대교TG → 연수JC),100
98,인천대교고속도로,37.40489164,126.5940711,인천광역시 남동구 아암대로 에코메트로 10단지 앞 (소래포구 → 면허시험장),인천 인천대교고속도로 15.3km 종점 2차로 (인천대교TG → 연수JC),100
99,인천대교고속도로,37.40492995,126.5940765,인천광역시 중구 제물량로 신광초교 부근 (숭의역 → 신광4),인천 인천대교고속도로 15.3km 종점 3차로 (인천대교TG → 연수JC),100
100,서해안고속도로,37.40336176,126.8802098,인천광역시 서구 염곡로 가현초교 앞 (신현초교 → 가정교차로),경기도 안양시 만안구 서해안고속도로 333.3km (목감IC → 일직JC),100
101,수도권제2순환고속도로,37.51069997,126.6271306,인천광역시 서구 중봉대로 중봉지하차도 종점 (율도입구4 → 경서3),인천 서구 원창동 수도권제2순환고속도로 8.6km (남청라IC → 송도),100
102,제2경인고속도로,37.43246755,126.751059,인천광역시 동구 동산로 동산중학교 건너편 (동구청4 → 박문4),인천 남동구 서창동 제2경인고속도로 10.5km (서창JC → 남인천TG),100
103,제2경인고속도로,37.432539,126.7520247,인천광역시 동구 동산로 동산중학교 앞 (박문4 → 동구청4),인천 남동구 서창동 제2경인고속도로 11km (남인천TG → 서창JC),100
104,영동고속도로,37.350847,126.805885,인천광역시 서구 경서로31번길 경서초교 앞 (태평아파트 → 어린이공원),"경기도 안산시 단원구 선부동 영동고속도로 13km 1,2차로 (안산IC → 군자TG)",100
105,영동고속도로,37.350847,126.805885,인천광역시 동구 송림로 송림초교 앞 (동명초교 → 배다리3),경기도 안산시 단원구 선부동 영동고속도로 13km 3차로 (안산IC → 군자TG),100
106,영동고속도로,37.350237,126.812526,인천광역시 동구 송림로 송림초교 건너편 (배다리3 → 동명초교),"경기도 안산시 단원구 선부동 영동고속도로 13.5km 1,2차로 (서안산IC → 안산IC)",100
107,영동고속도로,37.350237,126.812526,인천광역시 동구 화수로 송현초교입구3 (솔빛주공아파트 → 화도진중학교),경기도 안산시 단원구 선부동 영동고속도로 13.5km 3차로 (서안산IC → 안산IC),100
108,제2순환고속도로,37.512646,126.627057,인천광역시 서구 경명대로 육군부대 앞 (공촌4 → 징매이터널),"인천 서구 원창동 수도권 제2순환고속도로 8.6km 시점 1,2차로 (남청라IC → 남항교차로)",100
109,제2순환고속도로,37.512646,126.627057,인천광역시 서구 건지로 SK주유소앞 삼거리 (건지4 → 건지3),"인천 서구 원창동 수도권 제2순환고속도로 8.6km 시점 3,4차로 (남청라IC → 남항교차로)",100
110,제2순환고속도로,37.461226,126.632062,인천광역시 연수구 아암대로 송도IC부근 (송도3교 → 송도2교),"인천 중구 신흥동 수도권 제2순환고속도로 3km 종점 1,2차로 (남청라IC → 남항교차로)",100
111,제2순환고속도로,37.461226,126.632062,인천광역시 연수구 비류대로 송도역3 (청학4 → 송도역),인천 중구 신흥동 수도권 제2순환고속도로 3km 종점 3차로 (남청라IC → 남항교차로),100
112,제2경인고속도로,37.44449892,126.6358282,인천광역시 중구 공항로 공항제1터미널 1GATE앞 (동편주차장 → 서편주차장),인천 미추홀구 용현동 제2경인고속도로 0.4km (학익JC → 능해IC),80
113,울산고속도로,35.55386922,129.258234,울산광역시 울주군 울산고속도로 15,울산광역시 울주군 범서읍 남부순환도로 울산고속도로입구12,70
114,울산고속도로,35.55386922,129.258234,울산광역시 울주군 울산고속도로 15,울산광역시 울주군 범서읍 남부순환도로 울산고속도로입구34,70
115,영동고속도로,37.66895269,128.7288542,강원도 평창군 대관령면 영동고속도로,영동고속도로 215.2km 강릉방향 1차로,100
116,영동고속도로,37.66895269,128.7288542,강원도 평창군 대관령면 영동고속도로,영동고속도로 215.2km 강릉방향 2차로,100
117,영동고속도로,37.72400902,128.7790019,강원도 강릉시 성산면 영동고속도로,영동고속도로 226km 강릉방향 1차로,100
118,영동고속도로,37.72400902,128.7790019,강원도 강릉시 성산면 영동고속도로,영동고속도로 226km 강릉방향 2차로,100
119,중앙고속도로,37.57484668,127.9734317,강원도 횡성군 공근면 중앙고속도로,중앙고속도로 347.2km(횡성→춘천),100
120,영동고속도로,37.47294887,128.1153983,강원도 횡성군 우천면 영동고속도로 150.7k,영동고속도로 116.2km 인천방향,80
121,중앙고속도로,37.67090818,127.874026,강원도 홍천군 홍천읍 중앙고속도로 360.1k,중앙고속도로 360.1km 춘천방향,100
122,영동고속도로,37.43959058,128.0888394,영동고속도로 144.96km,영동고속도로 144.96km 강릉방향,100
123,동해고속도로,37.601693,129.075165,동해고속도로 38.4km,동해고속도로 38.4km 속초방향,100
124,중앙고속도로,37.454484,127.934639,중앙고속도로 329.7km,중앙고속도로 329.7km 제천방향,100
125,중앙고속도로,37.837629,127.781669,중앙고속도로 384.5km,중앙고속도로 384.5km 춘천방향,100
126,중앙고속도로,37.258771,128.037782,중앙고속도로 299.93km,중앙고속도로 299.93km 춘천방향 1차로,100
127,중앙고속도로,37.258771,128.037782,중앙고속도로 299.93km,중앙고속도로 299.93km 춘천방향 2차로,100
128,중앙고속도로,37.291577,127.991022,중앙고속도로 305.82km,중앙고속도로 305.82km 춘천방향 1차로,100
129,중앙고속도로,37.291577,127.991022,중앙고속도로 305.82km,중앙고속도로 305.82km 춘천방향 2차로,100
130,서울양양고속도로,37.950495,128.367739,서울양양고속도로 124.2km,"서울양양고속도로 124.2km 시점 1차로(인제 기린면, 서울→양양)",100
131,서울양양고속도로,37.826953,127.669132,서울양양고속도로 124.2km,"서울양양고속도로 124.2km 시점 2차로(인제 기린면, 서울→양양)",100
132,서울양양고속도로,37.990918,128.529323,서울양양고속도로 140.2km,"서울양양고속도로 140.2km 종점 1차로(양양 서면, 서울→양양)",100
133,서울양양고속도로,37.990918,128.529323,서울양양고속도로 140.2km,"서울양양고속도로 140.2km 종점 2차로(양양 서면, 서울→양양)",100
134,서울양양고속도로,37.991771,128.529503,서울양양고속도로 140.2km,"서울양양고속도로 140.2km 시점 1차로(양양 서면, 양양→서울)",100
135,서울양양고속도로,37.991771,128.529503,서울양양고속도로 140.2km,"서울양양고속도로 140.2km 시점 2차로(양양 서면, 양양→서울)",100
136,서울양양고속도로,37.950495,128.367739,서울양양고속도로 124.2km,"서울양양고속도로 124.2km 종점 1차로(인제 기린면, 양양→서울)",100
137,서울양양고속도로,37.950495,128.367739,서울양양고속도로 124.2km,"서울양양고속도로 124.2km 종점 2차로(인제 기린면, 양양→서울)",100
138,동해고속도로,37.593948,129.083064,동해고속도로 27.5km,"동해고속도로 27.5km(동해방향, 동해 망상동)",100
139,동해고속도로,37.700257,128.875324,동해고속도로 52.2km,"동해고속도로 52.2km(동해방향, 강릉 구정면 구정리)",100
140,동해고속도로,37.441954,129.145441,동해고속도로 6.6km,"동해고속도로 6.6km(삼척 성남동, 삼척→속초)",100
141,서울양양고속도로,37.78789083,128.1232145,서울양양고속도로 93.5km,"서울양양고속도로 93.5km(양양방향, 홍천 내촌면)",100
142,중앙고속도로,37.32932849,127.9246029,강원도 원주시 중앙고속도로,"중앙고속도로 313.3km(제천방향, 원주 무실동)",100
143,중앙고속도로,37.33090853,127.9229816,강원도 원주시 중앙고속도로,"중앙고속도로 313.7km(춘천방향, 원주 무실동)",100
144,제2영동고속도로,37.39132412,127.8801657,강원도 원주시 제2영동고속도로,"제2 영동고속도로 50.2km(원주 호저면 무장리, 광주→원주)",100
145,동해고속도로,38.05328326,128.6351748,강원도 양양군 손양면 동해고속도로,"동해고속도로 99.5km(양양 손양면 하왕도리, 강릉→양양)",100
146,영동고속도로,37.528889,128.2876489,강원도 횡성군 둔내면 영동고속도로,"영동고속도로 168.6km(시점, 횡성 둔내, 원주→강릉)",100
147,영동고속도로,37.56228267,128.3557774,강원도 평창군 봉평면 영동고속도로,"영동고속도로 176km (종점, 평창 면온, 원주→강릉)",100
148,서울양양고속도로,37.78816666,128.1214289,서울양양고속도로 93.7km,"서울양양고속도로 93.7km (시점, 홍천 내촌면 와야리 1018-1, 양양→서울)",100
149,서울양양고속도로,37.75783047,128.0155309,서울양양고속도로 83km,"서울양양고속도로 83km (종점, 홍천 화촌면 군업리 산220, 양양→서울)",100
150,영동고속도로,37.58222,128.406083,영동고속도로 181.4km,"영동고속도로 181.4km(시점, 평창 용평면 백옥포리 158-4, 강릉→인천)",100
151,영동고속도로,37.49698,128.22474,영동고속도로 161.9km,"영동고속도로 161.9km(종점, 횡성 둔내면 우용리 285-5, 강릉→인천)",100
152,영동고속도로,37.4690452,128.1232942,영동고속도로 151.5km,"영동고속도로 151.5km(시점, 소사리 산 240-2, 강릉→인천)",100
153,영동고속도로,37.44110086,128.0862395,영동고속도로 144.8km,"영동고속도로 144.8km(종점, 오원리 산 872-3, 강릉→인천)",100
154,천안논산고속도로,36.49309246,127.0959452,충청남도 공주시 우성면 도천리 9-7,천안논산고속도로 242.1km (충남 공주 우성) 천안방면,110
155,천안논산고속도로,36.71994776,127.131956,충청남도 천안시 동남구 풍세면 풍서리 125-11,"천안논산간고속도로 논산방향 268.8km(천안시 동남구 풍세면 풍서리 125-11) 1, 2차로 시점",110
156,천안논산고속도로,36.6385937,127.114861,충청남도 공주시 정안면 인풍리 184-5,"천안논산간 고속도로 논산방향 259.1km(공주시 정안면 인풍리 184-5) 1, 2차로 종점",110
157,당진대전고속도로,36.83730279,126.629263,충청남도 당진시 면천면 사기소리 192-3,"당진대전간고속도로 대전방향 2km(당진시 면천면 사기소리 192-3) 1, 2차로 시점",110
158,당진대전고속도로,36.77415124,126.6976279,충청남도 예산군 고덕면 몽곡리 530-36,"당진대전간고속도로 대전방향 11.2km(예산군 고덕면 몽곡리 530-36) 1, 2차로 종점",110
159,천안논산고속도로,36.22881686,127.0546889,충청남도 논산시 광석면 갈산리 595,"천안논산고속도로 천안방향 211.9km(논산시 광석면 갈산리 595) 1, 2차로 시점",110
160,천안논산고속도로,36.39156957,127.0743086,충청남도 공주시 이인면 주봉리 661-1,"천안논산고속도로 천안방향 230.2km(공주시 이인면 주봉리 661-1) 1, 2차로 종점",110
161,서해안고속도로,36.98855341,126.8696717,경기도 평택시 포승읍 도곡리 44-40,"경기도 평택시 포승읍 도곡리 44-40 서해안고속도로(284.1k) 목포방향 시점 1,2차로",110
162,서해안고속도로,36.98855341,126.8696717,경기도 평택시 포승읍 도곡리 44-40,"경기도 평택시 포승읍 도곡리 44-40 서해안고속도로(284.1k) 목포방향 시점 3,4차로",110
163,서해안고속도로,36.89779387,126.7144728,충청남도 당진시 송악읍 반촌리 59-5,"당진시 송악읍 반촌리 59-5 서해안고속도로(265.5k) 목포방향 종점 1,2차로",110
164,서해안고속도로,36.89779387,126.7144728,충청남도 당진시 송악읍 반촌리 59-5,당진시 송악읍 반촌리 59-5 서해안고속도로(265.5k) 목포방향 종점 3차로,110
165,통영대전고속도로,35.75070642,127.5953136,전라북도 장수군 장계면 금덕리 산 51-3,통영대전고속도로 통영기점 137.8K 하【전북장수】(무주→장수),100
166,서해안고속도로,35.85717167,126.8433041,전라북도 김제시 만경읍 대동리 1074-2,서해안고속도로 목포기점 127.4K 상 1차로 시점【전북김제】(서김제IC→동군산IC),110
167,서해안고속도로,35.85717167,126.8433041,전라북도 김제시 만경읍 대동리 1074-2,서해안고속도로 목포기점 127.4K 상 2차로 시점【전북김제】(서김제IC→동군산IC),110
168,서해안고속도로,35.94255362,126.833789,전라북도 군산시 대야면 죽산리 389-16,서해안고속도로 목포기점 137.2K 상 1차로 종점【전북군산】(서김제IC→동군산IC),110
169,서해안고속도로,35.94255362,126.833789,전라북도 군산시 대야면 죽산리 389-16,서해안고속도로 목포기점 137.2K 상 2차로 종점【전북군산】(서김제IC→동군산IC),110
170,서해안고속도로,35.37162331,126.5958837,전라북도 고창군 대산면 중산리 1181-19,서해안고속도로 목포기점 67K 상【전북고창】(목포→서울),110
171,순천완주고속도로,35.69632596,127.2609115,전라북도 임실군 관촌면 슬치리 3,순천완주고속도로 순천기점 94.7K 상 1차로 시점【전북임실】(순천→완주),100
172,순천완주고속도로,35.69632596,127.2609115,전라북도 임실군 관촌면 슬치리 3,순천완주고속도로 순천기점 94.7K 상 2차로 시점【전북임실】(순천→완주),100
173,순천완주고속도로,35.84356779,127.189744,전라북도 전주시 덕진구 금상동 396-48,순천완주고속도로 순천기점 113K 상 1차로 종점【전북전주】(순천→완주),100
174,순천완주고속도로,35.84356779,127.189744,전라북도 전주시 덕진구 금상동 396-48,순천완주고속도로 순천기점 113K 상 2차로 종점【전북전주】(순천→완주),100
175,익산장수고속도로,35.86706594,127.2108234,전라북도 완주군 소양면 명덕리 산 297-1,익산장수고속도로 익산분기점 14.1K 상【전북완주】(익산→장수),100
176,광주대구고속도로,35.47058708,127.4607043,,광주대구고속도로 문흥기점 63.9K 하【전북 남원】(함양→순창),100
177,호남고속도로,35.72025925,126.9737179,전라북도 김제시 봉남면 구정1길 67,호남고속도로 순천기점 149.8K 상【전북김제】(광주→대전),100
178,서해안고속도로,35.75570098,126.7979967,,서해안고속도로 목포기점 115.2K 하 시점【전북김제】 (군산→고창),110
179,서해안고속도로,35.62688482,126.6999209,,서해안고속도로 목포기점 98.2K 하 종점【전북부안】 (군산→고창),110
180,호남고속도로,35.93729826,127.082148,,"호남고속도로 순천기점 177.1K 상 1,2차로 시점【전북익산】(전주→논산)",100
181,호남고속도로,35.93729826,127.082148,,호남고속도로 순천기점 177.1K 상 3차로 시점【전북익산】(전주→논산),100
182,호남고속도로,36.06541552,127.1058256,,"호남고속도로 순천기점 192.4K 상 1,2차로 종점【전북익산】(전주→논산)",100
183,호남고속도로,36.06541552,127.1058256,,"호남고속도로 순천기점 192.4K 상 3,4차로 종점【전북익산】(전주→논산)",100
184,순천완주고속도로,35.25992205,127.4106023,,순천완주고속도로 순천기점 39.1K 상 시점 【전남구례】(순천→완주),100
185,순천완주고속도로,35.35349266,127.3440603,,순천완주고속도로 순천기점 51.6K 상 종점 【전북남원】(순천→완주),100
186,순천완주고속도로,35.44586506,127.3161003,,순천완주고속도로 순천기점 62.9K 상 시점 【전북남원】(순천→완주),100
187,순천완주고속도로,35.53443467,127.3078702,,순천완주고속도로 순천기점 73.5K 상 종점 【전북임실】(순천→완주),100
188,순천완주고속도로,35.53229196,127.3067415,,순천완주고속도로 순천기점 73.2K 하 시점 【전북임실】(완주→순천),100
189,순천완주고속도로,35.44476204,127.3152158,,순천완주고속도로 순천기점 62.9K 하 종점 【전북남원】(완주→순천),100
190,광주대구고속도로,35.4764445,127.5571638,,광주대구고속도로 문흥기점 73.9K 하 시점 【전북장수】(대구→광주),100
191,광주대구고속도로,35.48321332,127.4858021,,광주대구고속도로 문흥기점 66.6K 하 종점 【전북남원】(대구→광주),100
192,호남고속도로,36.03762039,127.1025024,,"호남고속도로 순천기점 189.2K 하 시점 1,2차로 【전북익산】(대전→광주)",100
193,호남고속도로,36.03762039,127.1025024,,"호남고속도로 순천기점 189.2K 하 시점 3,4차로 【전북익산】(대전→광주)",100
194,호남고속도로,35.91938396,127.072034,,"호남고속도로 순천기점 174.6K 하 종점 1,2차로 【전북익산】(대전→광주)",100
195,호남고속도로,35.91938396,127.072034,,호남고속도로 순천기점 174.6K 하 종점 3차로 【전북익산】(대전→광주),100
196,서해안고속도로,35.51928483,126.6854561,,서해안고속도로 목포기점 86.0K 상 시점 【전북고창】(목포→서울),110
197,서해안고속도로,35.64724624,126.7177842,,서해안고속도로 목포기점 101.0K 상 종점 【전북부안】(목포→서울),110
198,익산장수고속도로,35.79154405,127.3118632,,익산장수고속도로 익산분기점 29.9K 하 시점 【전북진안】(장수→익산),100
199,익산장수고속도로,35.86221971,127.2483954,,익산장수고속도로 익산분기점 17.6K 하 종점【전북완주】(장수→익산),100
200,통영대전고속도로,34.96091134,128.396182,경상남도 통영시 광도면 은황길 386-38,통영-대전 중부고속도로 13Km 대전방면,100
201,중부내륙고속도로,35.62024733,128.4452249,,중부내륙고속도로 46K(내서방면),100
202,남해고속도로,35.08815779,128.0523153,,남해고속도로 60.8K (부산방면),100
203,남해고속도로,35.29246477,128.3462768,,남해고속도로 100.2K 순천방면,100
204,남해고속도로,35.19864715,128.2393816,,남해고속도로 84.2K 순천방면,100
205,남해고속도로,35.28019233,128.4269075,,남해고속도로 107.8K 순천방면,100
206,남해고속도로,35.27980775,128.3143005,,남해고속도로 96.7k 순천방면(시점1차로),100
207,남해고속도로,35.27980775,128.3143005,,남해고속도로 96.7k 순천방면(시점2차로),100
208,남해고속도로,35.27980775,128.3143005,,남해고속도로 96.7k 순천방면(시점3차로),100
209,남해고속도로,35.27980775,128.3143005,,남해고속도로 96.7k 순천방면(시점4차로),100
210,남해고속도로,35.23897144,128.2744694,,남해고속도로 90k 순천방면(종점1차로),100
211,남해고속도로,35.23897144,128.2744694,,남해고속도로 90k 순천방면(종점2차로),100
212,남해고속도로,35.23897144,128.2744694,,남해고속도로 90k 순천방면(종점3차로),100
213,남해고속도로,35.23897144,128.2744694,,남해고속도로 90k 순천방면(종점4차로),100
214,남해고속도로,35.29060678,128.376207,,남해고속도로 103K 부산방면,100
215,남해고속도로,35.1816593,128.2157787,,남해고속도로 81k 부산방면,100
216,남해고속도로,35.04039329,127.8945472,,남해고속도로 44.6k 시점 1차로 (구간과속단속),100
217,남해고속도로,35.04039329,127.8945472,,남해고속도로 44.6k 시점 2차로 (구간과속단속),100
218,남해고속도로,35.00434184,127.826225,,남해고속도로 36.8k 종점 1차로 (구간과속단속),100
219,남해고속도로,35.00434184,127.826225,,남해고속도로 36.8k 종점 2차로 (구간과속단속),100
220,남해고속도로,35.2877072,128.5962762,,남해고속도로 123.8K (순천방면) 시점1차로,100
221,남해고속도로,35.2877072,128.5962762,,남해고속도로 123.8K (순천방면) 시점2차로,100
222,남해고속도로,35.28332505,128.5197731,,남해고속도로 117K (순천방면) 종점 1차로,100
223,남해고속도로,35.28332505,128.5197731,,남해고속도로 117K (순천방면) 종점 2차로,100
224,광주대구고속도로,35.70659632,128.0646433,,광주대구고속도로 135K 시점 1차로 대구방면,100
225,광주대구고속도로,35.70659632,128.0646433,,광주대구고속도로 135K 시점 2차로 대구방면,100
226,광주대구고속도로,35.69363602,128.1723581,,광주대구고속도로 145.3K 종점 1차로 대구방면,100
227,광주대구고속도로,35.69363602,128.1723581,,광주대구고속도로 145.3K 종점 2차로 대구방면,100
228,통영대전고속도로,35.39797534,127.8822587,,통영대전 중부고속도로 85.5k (대전→통영),100
229,통영대전고속도로,35.34827023,127.9301165,,통영대전 중부고속도로 78k (대전→통영),100
230,남해고속도로,35.2825971,128.5050543,,남해고속도로 115.5k,100
231,부산외곽순환고속도로,35.29497108,128.8139143,,부산외곽순환고속도로 한림면 명동리 한림2터널 앞(창원→기장),100
232,부산외곽순환고속도로,35.28367655,128.7220814,,부산외곽순환고속도로 진영읍 하계리 진영휴게소 앞(기장→창원),100
233,남해고속도로,35.066757,127.9918677,,남해고속도로 54.6k (부산→순천),100
234,남해고속도로,35.1025808,128.0704774,,남해고속도로 63.5k (부산→순천),100
235,남해고속도로,35.22568914,128.2724443,,남해고속도로 88.6㎞ 지수IC 시점 (순천→부산),100
236,남해고속도로,35.22568914,128.2724443,,남해고속도로 88.6㎞ 지수IC 시점 (순천→부산),100
237,남해고속도로,35.2799577,128.3117477,,남해고속도로 96.4㎞ 군북IC 종점 (순천→부산),100
238,남해고속도로,35.2799577,128.3117477,,남해고속도로 96.4㎞ 군북IC 종점 (순천→부산),100
239,대전통영고속도로,35.5837632,127.7652321,,통영대전고속도로 통영기점 111.2K 하【경남함양】(지곡→함양),100
240,대전통영고속도로,35.55718889,127.7578383,,통영대전고속도로 통영기점 108K 하【경남함양】(서상→함양),100
241,대전통영고속도로,35.66353602,127.6757653,,통영대전고속도로 통영기점 125.2K 하 시점【경남함양】(장수→함양),100
242,대전통영고속도로,35.6182671,127.7545711,,통영대전고속도로 통영기점 115.9K 하 종점【경남함양】(장수→함양),100
243,대전통영고속도로,35.6534427,127.6936471,,통영대전고속도로 통영기점 112.4K 상 시점 【전남함양】(통영→대전),100
244,대전통영고속도로,35.65299122,127.6940339,,통영대전고속도로 통영기점 123.2K 상 종점 【전남함양】(통영→대전),100
245,중앙고속도로,35.86030981,129.0776285,경상북도 경주시 건천읍 천포신평길 259,경부고속도로 80.6Km 종점 3차선(경주시 건천읍 신평리) (영천→경주),100
246,청주영덕고속도로,36.44386137,127.9849699,경상북도 상주시 화서면 영남제일로 3859,청주영덕고속도로 53.8k 시점(화서면 상곡리)(남상주ic방면),110
247,청주영덕고속도로,36.39235596,128.0992829,경상북도 상주시 내서면 능암1길 129-42,청주영덕고속도로 66.1k 종점(상주시 내서면 능암리)(남상주ic방면),110
248,청주영덕고속도로,36.38167987,128.1129454,경상북도 상주시 외남면 지사2길 59-32,청주영덕고속도로 구간 67.6k 시점(상주시 외남면 지사리)(청주방면),110
249,청주영덕고속도로,36.44395147,127.9938318,경상북도 상주시 화서면 문장로 16,청주영덕고속도로 구간 54.3k 종점(상주시 화서면 상곡리)(청주방면),110
250,상주영천고속도로,36.270631,128.4172832,경상북도 구미시 도개면 도군로 745-36,상주영천고속도로 21.8k 시점(구미시 도개면 다곡리)(영천 방면),100
251,상주영천고속도로,36.17358531,128.5481125,경상북도 구미시 장천면 장천로 620-91,상주영천고속도로 38.8k 종점(구미시 장천면 오로리)(영천 방면),100
252,중부내륙고속도로,36.7464097,128.0175048,충청북도 괴산군 연풍면 중앙로진촌2길 22-66,중부내륙고속도로 192km 시점(충북 연풍면 주진리)(상주 방면),110
253,중부내륙고속도로,36.71502842,128.1110262,경상북도 문경시 문경읍 용마길 32-32,중부내륙고속도로 182km 종점(문경시 문경읍 마원리)(상주 방면),110
254,상주영천고속도로,36.165355,128.5616478,경상북도 군위군 효령면 불로길 133-9,상주영천고속도로 40.4km 시점(군위군 효령면 불로리)(상주방면),100
255,상주영천고속도로,36.24104727,128.48816,경상북도 군위군 소보면 송백로 1216,상주영천고속도로 29.2km 종점(군위군 소보면 신계리)(상주방면),100
256,신대구부산고속도로,35.88106309,128.6887208,대구광역시 동구 신덕로 80,신대구부산고속도로 91.3km(대구 동구 용계동)(동대구JC 방면),110
257,경부고속도로,35.94826325,128.4582017,경상북도 칠곡군 지천면 금송로 126,"경부고속도로 149.2k 시점 1,2차로(칠곡군 지천면 송정리)(부산 방면)",100
258,경부고속도로,35.94826325,128.4582017,경상북도 칠곡군 지천면 금송로 126,"경부고속도로 149.2k 시점 3,4차로(칠곡군 지천면 송정리)(부산 방면)",100
259,경부고속도로,35.89534784,128.5152355,대구광역시 북구 한강로6길 20,"경부고속도로 140.3k 종점 1,2차로(대구광역시 북구 사수동)(부산 방면)",100
260,경부고속도로,35.89534784,128.5152355,대구광역시 북구 한강로6길 20,"경부고속도로 140.3k 종점 3,4차로(대구광역시 북구 사수동)(부산 방면)",100
261,경부고속도로,36.01857638,128.4314789,경상북도 칠곡군 왜관읍 아곡8길 13,"경부고속도로 158k 시점 1,2차로(칠곡군 왜관읍 아곡리)(서울 방면)",100
262,경부고속도로,36.01857638,128.4314789,경상북도 칠곡군 왜관읍 아곡8길 13,"경부고속도로 158k 시점 3,4차로(칠곡군 왜관읍 아곡리)(서울 방면)",100
263,경부고속도로,36.06941719,128.3796753,경상북도 구미시 오태8길 43-28,"경부고속도로 166.1k 종점 1,2차로(구미시 오태동)(서울 방면)",100
264,경부고속도로,36.06941719,128.3796753,경상북도 구미시 오태8길 43-28,"경부고속도로 166.1k 종점 3,4차로(구미시 오태동)(서울 방면)",100
265,중부내륙고속도로,36.06755491,128.2666339,경상북도 김천시 남면 농남로 1054,"중부내륙고속도로 103.8k 시점 1,2차로(김천시 남면 부상리)(문경 방면)",100
266,중부내륙고속도로,36.15063015,128.269926,경상북도 김천시 아포읍 금계길 203,"중부내륙고속도로 113.2k 종점 1,2차로(김천시 아포읍 송천리)(문경 방면)",100
267,중부내륙고속도로,36.15020314,128.2711128,경상북도 김천시 아포읍 금계길 177-30,"중부내륙고속도로 113.2k 시점 1,2차로(김천시 아포읍 송천리)(성주 방면)",100
268,중부내륙고속도로,36.07441755,128.2615945,경상북도 김천시 남면 농남로 964,"중부내륙고속도로 104.2k 종점 1,2차로(김천시 남면 부상리)(성주 방면)",100
269,대구포항고속도로,36.08062348,129.1991222,경상북도 포항시 북구 기계면 기계로212번길 57,"대구포항고속도로 56.9k 시점 1,2차로(포항시 북부 기계면 지가리)(대구방면)",100
270,대구포항고속도로,36.08062348,129.1991222,경상북도 포항시 북구 기계면 기계로212번길 57,대구포항고속도로 56.9k 시점 3차로(포항시 북부 기계면 지가리)(대구방면),100
271,중앙고속도로,36.21468003,128.5570108,경상북도 군위군 군위읍 서군길 39,중앙고속도로 147.5k 시점(군위군 군위읍 수서리)(안동 방면),100
272,중앙고속도로,36.25402479,128.5661364,경상북도 군위군 군위읍 정3길 26,중앙고속도로 152.1k 종점(군위군 군위읍 정리)(안동 방면),100
273,중부내륙고속도로,35.9490402,128.2421722,경상북도 성주군 벽진면 문덕로 92,중부내륙고속도로 89.1km(성주군 벽진면 가암리)(성주IC 방면),100
274,대구포항고속도로,36.0498329,129.2524327,경상북도 경주시 강동면 다산길 27-53,대구포항고속도로 63.4K(경주시 강동면 다산리)(대구 방면),100
275,대구포항고속도로,35.953441,128.7904482,경상북도 경산시 와촌면 얼음장골길 11-37,대구포항고속도로 13.8K(경산시 와촌면 신한리)(포항 방면),100
276,중앙고속도로,36.90847769,128.409072,충청북도 단양군 대강면 용부원7길 80,중앙고속도로 242.8k 시점(충북 단양군 대강면 용부원리)(영주 방면),100
277,중앙고속도로,36.88874912,128.4657734,경상북도 영주시 풍기읍 죽령로1381번길 56-66,중앙고속도로 237.2k 종점(영주시 풍기읍 수철리)(영주 방면),100
278,신대구부산고속도로,35.67114471,128.7444037,경상북도 청도군 화양읍 진라길 33-7,신대구부산고속도로 65.9K(청도군 화양읍 진라리)(청도IC 방면),110
279,호남고속도로 상행로,35.052043,127.282141,,호남고속도로 상행 19.5km(순천->광주),100
280,남해고속도로 상행로,34.991239,127.5503829,,남해고속도로 상행 7.9Km(광양->순천),100
281,순천완주고속도로 상행로,34.9968804,127.5310979,,순천-완주고속도로 상행 6.7km(순천->완주),100
282,호남고속도로 상행로,35.26308542,127.092448,,호남고속도로 상행 54.7k 담양군 무정면 오례리 75-3,100
283,목포광양고속도로,34.721847,126.933859,,남해선(영암-순천선)고속도로 41.2km(영암방향),100
284,목포광양고속도로,34.80730695,127.1542111,,남해선(영암-순천선)고속도로 65.6km(영암방향),100
285,목포광양고속도로,35.03461003,126.5610746,,남해선(영암-순천선)고속도로 13.2km(광양방향),100
286,목포광양고속도로,34.80546317,127.1670678,,남해선(영암-순천선)고속도로 66.7km(광양방향),100
287,호남고속도로 하행로,35.41380282,126.801024,,호남고속도로 하행 108.8K(대전→광주),100
288,호남고속도로 하행로,35.21627205,127.232612,,호남고속도로 하행 40K (시점 1차로),100
289,호남고속도로 하행로,35.21627205,127.232612,,호남고속도로 하행 40K (시점 2차로),100
290,호남고속도로 하행로,35.13390678,127.2496652,,호남고속도로 하행 30K (종점 1차로),100
291,호남고속도로 하행로,35.13390678,127.2496652,,호남고속도로 하행 30K (종점 2차로),100
292,호남고속도로 하행,35.00519408,127.4678123,,호남고속도로 1.3K 하행(순천방면),100
293,남해고속도로 하행로,34.976784,127.6691942,,광양시 옥곡면 선유리 196-1 남해고속도로 20K(광양→진주),100
294,호남고속도로 상행로,35.24586673,127.0301032,,호남고속도로 61.1K 천안방향(담양군 대덕면 매산리 357-4),100
295,광주무안고속도로,35.0430821,126.5273564,,광주-무안고속도로 광주방향 13.8K,100
296,호남고속도로 상행로,35.2287717,127.218385,,호남고속도로 천안방향 41.9K(곡성군 삼기면 의암리 514),100
297,호남고속도로 상행로,35.25839153,127.117227,,호남고속도로 천안방향 52.4K(곡성군 오산면 연화리 199-4),100
